{"stats":{"minecraft:killed_by":{"minecraft:player":5},"minecraft:used":{"minecraft:iron_sword":4},"minecraft:mined":{"minecraft:oak_leaves":2},"minecraft:custom":{"minecraft:jump":176,"minecraft:time_since_rest":371,"minecraft:leave_game":1,"minecraft:walk_on_water_one_cm":2586,"minecraft:damage_dealt":276,"minecraft:deaths":7,"minecraft:sprint_one_cm":51252,"minecraft:play_time":7624,"minecraft:damage_taken":1965,"minecraft:time_since_death":344,"minecraft:walk_one_cm":15353,"minecraft:total_world_time":7624,"minecraft:walk_under_water_one_cm":376,"minecraft:swim_one_cm":1276,"minecraft:fall_one_cm":11345,"minecraft:fly_one_cm":30212},"minecraft:picked_up":{"minecraft:iron_sword":2}},"DataVersion":3465}