{"stats":{"minecraft:used":{"minecraft:diamond_chestplate":1,"minecraft:wooden_axe":29,"minecraft:diamond_sword":6,"minecraft:diamond_boots":1,"minecraft:cobblestone":1,"minecraft:crafting_table":1,"minecraft:diamond_helmet":1,"minecraft:wooden_pickaxe":3,"minecraft:cooked_beef":4},"minecraft:crafted":{"minecraft:oak_planks":80,"minecraft:birch_planks":4,"minecraft:crafting_table":1,"minecraft:stick":24,"minecraft:wooden_pickaxe":1,"minecraft:wooden_axe":1},"minecraft:mined":{"minecraft:oak_log":25,"minecraft:stone":3,"minecraft:crafting_table":1},"minecraft:custom":{"minecraft:time_since_rest":9665,"minecraft:play_time":9665,"minecraft:sprint_one_cm":62494,"minecraft:damage_taken":412,"minecraft:walk_one_cm":38040,"minecraft:sneak_time":1,"minecraft:mob_kills":1,"minecraft:jump":289,"minecraft:damage_dealt":957,"minecraft:leave_game":1,"minecraft:time_since_death":9665,"minecraft:total_world_time":9665,"minecraft:interact_with_crafting_table":1,"minecraft:fall_one_cm":4395,"minecraft:fly_one_cm":50249,"minecraft:player_kills":3},"minecraft:picked_up":{"minecraft:birch_log":1,"minecraft:bone":1,"minecraft:crafting_table":1,"minecraft:cooked_beef":4,"minecraft:arrow":2,"minecraft:bow":1,"minecraft:oak_log":25,"minecraft:cobblestone":3},"minecraft:killed":{"minecraft:skeleton":1}},"DataVersion":3465}