{"stats":{"minecraft:used":{"minecraft:water_bucket":3,"minecraft:flint_and_steel":6,"minecraft:oak_planks":15,"minecraft:torch":7,"minecraft:crafting_table":3,"minecraft:white_bed":1,"minecraft:snowball":9,"minecraft:oak_log":1,"minecraft:diamond_pickaxe":22,"minecraft:iron_axe":53,"minecraft:iron_pickaxe":50,"minecraft:cobblestone":3,"minecraft:cooked_cod":5,"minecraft:furnace":2,"minecraft:cooked_porkchop":3,"minecraft:bucket":4},"minecraft:custom":{"minecraft:interact_with_furnace":5,"minecraft:mob_kills":6,"minecraft:interact_with_crafting_table":6,"minecraft:leave_game":1,"minecraft:time_since_death":18990,"minecraft:sleep_in_bed":2,"minecraft:time_since_rest":5180,"minecraft:sprint_one_cm":114807,"minecraft:damage_taken":505,"minecraft:walk_one_cm":101642,"minecraft:drop":5,"minecraft:damage_dealt":521,"minecraft:swim_one_cm":32406,"minecraft:talked_to_villager":6,"minecraft:fly_one_cm":114205,"minecraft:open_chest":7,"minecraft:crouch_one_cm":1095,"minecraft:play_time":43239,"minecraft:deaths":1,"minecraft:sneak_time":1061,"minecraft:walk_under_water_one_cm":29273,"minecraft:jump":624,"minecraft:walk_on_water_one_cm":23546,"minecraft:total_world_time":43239,"minecraft:fall_one_cm":12598},"minecraft:crafted":{"minecraft:oak_planks":96,"minecraft:crafting_table":1,"minecraft:furnace":2,"minecraft:bucket":1,"minecraft:air":0,"minecraft:flint_and_steel":1,"minecraft:charcoal":1,"minecraft:diamond_pickaxe":1,"minecraft:iron_axe":1,"minecraft:stick":8,"minecraft:iron_pickaxe":1,"minecraft:torch":8},"minecraft:picked_up":{"minecraft:crafting_table":4,"minecraft:cooked_beef":4,"minecraft:water_bucket":1,"minecraft:smoker":1,"minecraft:potato":1,"minecraft:flint":1,"minecraft:oak_log":29,"minecraft:brewing_stand":1,"minecraft:dirt":1,"minecraft:iron_axe":1,"minecraft:coast_armor_trim_smithing_template":1,"minecraft:bone":1,"minecraft:wheat_seeds":4,"minecraft:heart_of_the_sea":1,"minecraft:iron_ingot":1,"minecraft:iron_pickaxe":1,"minecraft:sugar_cane":6,"minecraft:chest":1,"minecraft:oak_planks":62,"minecraft:egg":3,"minecraft:book":3,"minecraft:stick":3,"minecraft:raw_iron":6,"minecraft:cooked_porkchop":4,"minecraft:torch":5,"minecraft:sand":2,"minecraft:white_bed":1,"minecraft:arrow":2,"minecraft:diamond":3,"minecraft:gold_ingot":7,"minecraft:oak_sapling":4,"minecraft:mutton":5,"minecraft:netherrack":6,"minecraft:obsidian":10,"minecraft:coal":2,"minecraft:white_wool":3,"minecraft:cobblestone":72},"minecraft:dropped":{"minecraft:iron_ingot":10,"minecraft:iron_sword":1,"minecraft:filled_map":1,"minecraft:coast_armor_trim_smithing_template":1,"minecraft:cooked_cod":1},"minecraft:killed":{"minecraft:pig":2,"minecraft:sheep":3,"minecraft:zombie":1},"minecraft:mined":{"minecraft:white_bed":1,"minecraft:smoker":1,"minecraft:brewing_stand":1,"minecraft:obsidian":11,"minecraft:crafting_table":3,"minecraft:grass_block":1,"minecraft:chest":1,"minecraft:cobblestone":9,"minecraft:wheat":2,"minecraft:iron_ore":3,"minecraft:fire":6,"minecraft:grass":3,"minecraft:potatoes":1,"minecraft:oak_log":29,"minecraft:coal_ore":2,"minecraft:gravel":1,"minecraft:sand":1,"minecraft:stone":37,"minecraft:netherrack":6,"minecraft:oak_leaves":20}},"DataVersion":3465}