{"stats":{"minecraft:killed_by":{"minecraft:player":2},"minecraft:used":{"minecraft:stone_axe":1,"minecraft:crafting_table":1,"minecraft:stone_pickaxe":22,"minecraft:wooden_pickaxe":4},"minecraft:crafted":{"minecraft:stone_axe":1,"minecraft:crafting_table":1,"minecraft:spruce_planks":24,"minecraft:stick":8,"minecraft:wooden_pickaxe":1,"minecraft:stone_pickaxe":2},"minecraft:mined":{"minecraft:coal_ore":6,"minecraft:iron_ore":9,"minecraft:stone":9,"minecraft:spruce_leaves":11,"minecraft:spruce_log":8,"minecraft:crafting_table":1},"minecraft:custom":{"minecraft:time_since_rest":7461,"minecraft:play_time":11801,"minecraft:sprint_one_cm":1331,"minecraft:walk_one_cm":15834,"minecraft:damage_taken":658,"minecraft:deaths":2,"minecraft:mob_kills":2,"minecraft:drop":2,"minecraft:jump":77,"minecraft:damage_dealt":336,"minecraft:time_since_death":7318,"minecraft:total_world_time":11801,"minecraft:interact_with_crafting_table":4,"minecraft:fall_one_cm":4916,"minecraft:fly_one_cm":2568},"minecraft:picked_up":{"minecraft:crafting_table":1,"minecraft:raw_iron":9,"minecraft:stone_pickaxe":1,"minecraft:spruce_sapling":1,"minecraft:spruce_log":7,"minecraft:coal":6,"minecraft:cobblestone":9},"minecraft:dropped":{"minecraft:spruce_log":1,"minecraft:stone_pickaxe":1},"minecraft:killed":{"minecraft:zombie":2}},"DataVersion":3465}