{"stats":{"minecraft:killed_by":{"minecraft:zombie":1},"minecraft:used":{"minecraft:dirt":1,"minecraft:spruce_log":1},"minecraft:mined":{"minecraft:spruce_leaves":3,"minecraft:dirt":1},"minecraft:custom":{"minecraft:jump":247,"minecraft:time_since_rest":13145,"minecraft:damage_dealt":382,"minecraft:deaths":1,"minecraft:crouch_one_cm":434,"minecraft:leave_game":2,"minecraft:play_time":24911,"minecraft:sprint_one_cm":7453,"minecraft:damage_taken":465,"minecraft:time_since_death":11398,"minecraft:walk_one_cm":25370,"minecraft:sneak_time":120,"minecraft:total_world_time":24911,"minecraft:fall_one_cm":7978,"minecraft:fly_one_cm":17202,"minecraft:player_kills":2},"minecraft:picked_up":{"minecraft:spruce_log":1,"minecraft:rotten_flesh":1,"minecraft:dirt":1}},"DataVersion":3465}