{"stats":{"minecraft:used":{"minecraft:flint_and_steel":30,"minecraft:oak_planks":41,"minecraft:stone":2,"minecraft:iron_sword":146,"minecraft:sugar_cane":4,"minecraft:rotten_flesh":4,"minecraft:torch":4,"minecraft:sand":2,"minecraft:crafting_table":2,"minecraft:apple":2,"minecraft:iron_pickaxe":79,"minecraft:gravel":1,"minecraft:cobblestone":31,"minecraft:furnace":1,"minecraft:cooked_porkchop":4,"minecraft:cooked_beef":4,"minecraft:cobbled_deepslate":1},"minecraft:mined":{"minecraft:deepslate_diamond_ore":2,"minecraft:grass_block":2,"minecraft:tall_grass":2,"minecraft:cobblestone":5,"minecraft:spruce_leaves":1,"minecraft:deepslate_gold_ore":2,"minecraft:sugar_cane":5,"minecraft:sandstone":3,"minecraft:blue_bed":2,"minecraft:wall_torch":1,"minecraft:birch_log":2,"minecraft:iron_ore":4,"minecraft:cobbled_deepslate":1,"minecraft:fire":40,"minecraft:birch_leaves":2,"minecraft:gold_block":1,"minecraft:grass":12,"minecraft:oak_log":15,"minecraft:coal_ore":1,"minecraft:deepslate_iron_ore":2,"minecraft:gravel":1,"minecraft:sand":5,"minecraft:dirt":2,"minecraft:stone":51,"minecraft:gold_ore":5,"minecraft:oak_leaves":14,"minecraft:deepslate":1},"minecraft:crafted":{"minecraft:oak_planks":58,"minecraft:cooked_porkchop":4,"minecraft:crafting_table":2,"minecraft:furnace":1,"minecraft:stone":2,"minecraft:air":0,"minecraft:charcoal":3,"minecraft:stick":4,"minecraft:iron_pickaxe":1,"minecraft:torch":2},"minecraft:custom":{"minecraft:interact_with_smithing_table":1,"minecraft:interact_with_furnace":14,"minecraft:mob_kills":28,"minecraft:interact_with_crafting_table":6,"minecraft:leave_game":2,"minecraft:time_since_death":52915,"minecraft:sleep_in_bed":1,"minecraft:time_since_rest":14845,"minecraft:sprint_one_cm":167315,"minecraft:damage_taken":459,"minecraft:walk_one_cm":148111,"minecraft:drop":12,"minecraft:damage_dealt":3027,"minecraft:player_kills":2,"minecraft:swim_one_cm":293,"minecraft:talked_to_villager":1,"minecraft:fly_one_cm":281570,"minecraft:open_chest":8,"minecraft:crouch_one_cm":3495,"minecraft:play_time":52915,"minecraft:sneak_time":966,"minecraft:walk_under_water_one_cm":10189,"minecraft:jump":1406,"minecraft:walk_on_water_one_cm":12031,"minecraft:total_world_time":52915,"minecraft:fall_one_cm":29978,"minecraft:horse_one_cm":1104},"minecraft:picked_up":{"minecraft:birch_log":1,"minecraft:feather":5,"minecraft:cooked_beef":12,"minecraft:leather":6,"minecraft:filled_map":1,"minecraft:gold_block":1,"minecraft:flint":1,"minecraft:oak_log":15,"minecraft:blue_bed":2,"minecraft:dirt":4,"minecraft:string":1,"minecraft:cooked_mutton":9,"minecraft:coast_armor_trim_smithing_template":1,"minecraft:apple":2,"minecraft:cobbled_deepslate":1,"minecraft:raw_gold":7,"minecraft:beef":1,"minecraft:iron_ingot":10,"minecraft:cooked_chicken":5,"minecraft:sugar_cane":10,"minecraft:iron_sword":4,"minecraft:egg":1,"minecraft:raw_iron":6,"minecraft:sandstone":3,"minecraft:cooked_porkchop":3,"minecraft:torch":1,"minecraft:porkchop":9,"minecraft:gravel":1,"minecraft:sand":5,"minecraft:rotten_flesh":4,"minecraft:cooked_cod":1,"minecraft:diamond":2,"minecraft:black_wool":2,"minecraft:mutton":1,"minecraft:coal":1,"minecraft:white_wool":7,"minecraft:cobblestone":51},"minecraft:dropped":{"minecraft:iron_ingot":1,"minecraft:iron_sword":3,"minecraft:sugar_cane":1,"minecraft:cooked_beef":8,"minecraft:flint":1,"minecraft:string":1},"minecraft:killed":{"minecraft:pig":6,"minecraft:spider":1,"minecraft:sheep":9,"minecraft:zombie":3,"minecraft:chicken":3,"minecraft:cow":4}},"DataVersion":3465}