{"stats":{"minecraft:used":{"minecraft:flint_and_steel":30,"minecraft:oak_planks":41,"minecraft:stone":2,"minecraft:iron_sword":133,"minecraft:sugar_cane":4,"minecraft:rotten_flesh":4,"minecraft:torch":4,"minecraft:sand":2,"minecraft:crafting_table":2,"minecraft:iron_pickaxe":76,"minecraft:gravel":1,"minecraft:cobblestone":31,"minecraft:furnace":1,"minecraft:cooked_porkchop":4,"minecraft:cooked_beef":3,"minecraft:cobbled_deepslate":1},"minecraft:custom":{"minecraft:interact_with_smithing_table":1,"minecraft:interact_with_furnace":14,"minecraft:mob_kills":28,"minecraft:interact_with_crafting_table":6,"minecraft:leave_game":1,"minecraft:time_since_death":43455,"minecraft:sleep_in_bed":1,"minecraft:time_since_rest":5385,"minecraft:sprint_one_cm":128359,"minecraft:damage_taken":365,"minecraft:walk_one_cm":125813,"minecraft:drop":6,"minecraft:damage_dealt":2446,"minecraft:talked_to_villager":1,"minecraft:swim_one_cm":293,"minecraft:fly_one_cm":225408,"minecraft:open_chest":8,"minecraft:crouch_one_cm":3270,"minecraft:play_time":43455,"minecraft:sneak_time":927,"minecraft:walk_under_water_one_cm":9922,"minecraft:jump":1135,"minecraft:walk_on_water_one_cm":8543,"minecraft:total_world_time":43455,"minecraft:fall_one_cm":25071,"minecraft:horse_one_cm":1104},"minecraft:crafted":{"minecraft:oak_planks":58,"minecraft:cooked_porkchop":4,"minecraft:crafting_table":2,"minecraft:furnace":1,"minecraft:stone":2,"minecraft:air":0,"minecraft:charcoal":3,"minecraft:stick":4,"minecraft:iron_pickaxe":1,"minecraft:torch":2},"minecraft:picked_up":{"minecraft:birch_log":1,"minecraft:feather":5,"minecraft:cooked_beef":12,"minecraft:leather":6,"minecraft:filled_map":1,"minecraft:gold_block":1,"minecraft:flint":1,"minecraft:oak_log":15,"minecraft:blue_bed":2,"minecraft:dirt":4,"minecraft:string":1,"minecraft:cooked_mutton":9,"minecraft:coast_armor_trim_smithing_template":1,"minecraft:cobbled_deepslate":1,"minecraft:raw_gold":7,"minecraft:beef":1,"minecraft:iron_ingot":10,"minecraft:cooked_chicken":5,"minecraft:sugar_cane":10,"minecraft:iron_sword":2,"minecraft:egg":1,"minecraft:raw_iron":4,"minecraft:sandstone":3,"minecraft:cooked_porkchop":3,"minecraft:torch":1,"minecraft:sand":5,"minecraft:gravel":1,"minecraft:porkchop":9,"minecraft:rotten_flesh":4,"minecraft:cooked_cod":1,"minecraft:diamond":2,"minecraft:black_wool":2,"minecraft:mutton":1,"minecraft:coal":1,"minecraft:white_wool":7,"minecraft:cobblestone":51},"minecraft:dropped":{"minecraft:iron_ingot":1,"minecraft:iron_sword":1,"minecraft:sugar_cane":1,"minecraft:cooked_beef":4,"minecraft:flint":1,"minecraft:string":1},"minecraft:killed":{"minecraft:pig":6,"minecraft:spider":1,"minecraft:sheep":9,"minecraft:zombie":3,"minecraft:chicken":3,"minecraft:cow":4},"minecraft:mined":{"minecraft:deepslate_diamond_ore":2,"minecraft:grass_block":2,"minecraft:tall_grass":2,"minecraft:cobblestone":5,"minecraft:spruce_leaves":1,"minecraft:deepslate_gold_ore":2,"minecraft:sugar_cane":5,"minecraft:sandstone":3,"minecraft:blue_bed":2,"minecraft:wall_torch":1,"minecraft:iron_ore":2,"minecraft:birch_log":1,"minecraft:cobbled_deepslate":1,"minecraft:fire":40,"minecraft:birch_leaves":2,"minecraft:gold_block":1,"minecraft:grass":12,"minecraft:oak_log":15,"minecraft:coal_ore":1,"minecraft:deepslate_iron_ore":2,"minecraft:gravel":1,"minecraft:sand":5,"minecraft:dirt":2,"minecraft:stone":51,"minecraft:gold_ore":5,"minecraft:oak_leaves":14,"minecraft:deepslate":1}},"DataVersion":3465}